Question,Answer
What is a loan?,A loan is a sum of money borrowed from a lender that is expected to be paid back with interest.
What types of loans are available?,"Common types include personal loans, auto loans, mortgage loans, student loans, and business loans."
How do I apply for a loan?,"You can apply for a loan online, at a bank, or through a financial institution by providing necessary documentation."
What is the difference between secured and unsecured loans?,"Secured loans require collateral, while unsecured loans do not and are based on creditworthiness."
What is collateral?,"Collateral is an asset pledged by a borrower to secure a loan, which the lender can claim if the loan is not repaid."
What is an interest rate?,"An interest rate is the cost of borrowing money, expressed as a percentage of the loan amount."
How is interest calculated on a loan?,"Interest can be calculated using simple interest or compound interest methods, depending on the loan agreement."
What does APR stand for?,"APR stands for Annual Percentage Rate, which includes the interest rate plus any fees associated with the loan."
How long does it take to get approved for a loan?,"Approval times can vary from minutes to several days, depending on the lender and type of loan."
Can I negotiate my loan interest rate?,"Yes, some lenders may be willing to negotiate the interest rate based on your creditworthiness."
What factors affect my loan eligibility?,"Key factors include your credit score, income, debt-to-income ratio, and employment history."
What documents do I need to apply for a loan?,"Common documents include proof of income, credit history, identification, and any collateral documentation."
What is a credit score?,"A credit score is a numerical representation of your creditworthiness, influencing your ability to get a loan."
How can I improve my credit score before applying for a loan?,"Pay down debts, make payments on time, avoid new credit inquiries, and check your credit report for errors."
Do I need a co-signer for a loan?,A co-signer may be required if you have a low credit score or insufficient income to qualify on your own.
How does loan repayment work?,"Loan repayment involves making regular payments over a set period, which includes both principal and interest."
What happens if I miss a loan payment?,"Missing a payment can result in late fees, increased interest rates, and damage to your credit score."
Can I pay off my loan early?,"Many loans allow early repayment, but check for any prepayment penalties in your loan agreement."
What is a grace period?,A grace period is a set time after a payment due date during which you can make a payment without penalty.
What is loan default?,"Default occurs when a borrower fails to make loan payments as agreed, potentially leading to legal action."
What is a personal loan?,"A personal loan is an unsecured loan based on your creditworthiness, often used for personal expenses."
How do auto loans work?,"Auto loans are secured loans specifically for purchasing vehicles, with the vehicle serving as collateral."
What is a mortgage?,"A mortgage is a loan used to buy real estate, secured by the property itself."
What are student loans?,Student loans are designed to help cover education costs and may have lower interest rates and flexible repayment options.
How does a business loan differ from personal loans?,Business loans are specifically for business purposes and may require different documentation and collateral.
How can I compare different loan offers?,"Compare interest rates, terms, fees, and repayment options to find the best loan for your needs."
What are origination fees?,Origination fees are upfront fees charged by lenders for processing a loan application.
What is a loan amortization schedule?,"An amortization schedule outlines each payment over the loan term, detailing how much goes towards principal and interest."
Can I refinance my loan?,"Yes, refinancing involves obtaining a new loan to pay off an existing one, often to secure better terms."
What is a fixed-rate loan?,A fixed-rate loan has an interest rate that remains the same throughout the loan term.
What types of lenders offer loans?,"Banks, credit unions, online lenders, and peer-to-peer lenders all offer loan products."
Are online loans safe?,"Many reputable online lenders are safe, but it's essential to research and verify their legitimacy."
What is a payday loan?,"A payday loan is a short-term, high-interest loan intended to cover expenses until the next payday."
How do credit unions differ from banks for loans?,Credit unions are non-profit organizations that often offer lower rates and fees compared to traditional banks.
What should I look for in a lender?,"Look for competitive interest rates, transparency in fees, customer service, and positive reviews."
What can I use a personal loan for?,"Personal loans can be used for various purposes, including debt consolidation, home improvements, or unexpected expenses."
Is it wise to use a loan for investing?,Using a loan for investing can be risky; ensure you understand the potential returns and risks involved.
How do loans affect my credit score?,"Loans can impact your credit score positively or negatively, depending on your payment history and credit utilization."
Can I get a loan with bad credit?,"Yes, but terms may be less favorable, and you may need a co-signer or collateral."
What are the tax implications of loans?,"Interest on some loans, like mortgages, may be tax-deductible, but personal loan interest typically is not."
How long does the loan application process take?,"The process can vary; online applications may be approved within hours, while others may take days."
Can I apply for multiple loans at once?,"Yes, but be mindful of how multiple inquiries can impact your credit score."
What is a pre-approval?,Pre-approval is a preliminary assessment by a lender of how much you may be able to borrow.
Can I change my loan application after submission?,"Changes may be possible, but it depends on the lender’s policies and the stage of the application."
What is a loan estimate?,"A loan estimate is a document provided by lenders that outlines the terms of the loan, including rates and fees."
What if I'm self-employed?,"Self-employed individuals may need to provide additional documentation, such as tax returns, to qualify for a loan."
Can I get a loan if I’m unemployed?,"It may be challenging, but some lenders consider other sources of income or a co-signer."
What happens to my loan if I declare bankruptcy?,"Bankruptcy can discharge some debts, but secured loans may still require repayment or asset forfeiture."
Can I transfer my loan to someone else?,Loan transfer policies vary by lender; some may allow it while others do not.
What is a loan modification?,"A loan modification is a change to the terms of an existing loan, often to make payments more manageable."
How can I manage my loan payments effectively?,"Set up automatic payments, create a budget, and track your loan balance regularly."
What resources are available for loan assistance?,Non-profit credit counseling agencies and financial advisors can provide guidance and support.
How can I dispute a loan charge?,Contact your lender directly to discuss discrepancies and provide documentation to support your claim.
What should I do if I can’t make a loan payment?,"Contact your lender as soon as possible to discuss options, such as deferment or a modified payment plan."
Can I change my payment due date?,Some lenders allow you to change your payment due date; check with your lender for their policies.
What is financial literacy?,"Financial literacy is the ability to understand and effectively manage personal finances, including loans."
Why is it important to understand loans?,"Understanding loans helps you make informed decisions, avoid excessive debt, and manage repayments effectively."
What are predatory loans?,"Predatory loans have unfair terms and conditions, often targeting vulnerable borrowers."
How can I avoid loan scams?,"Research lenders, look for reviews, and be wary of offers that seem too good to be true."
What is a debt-to-income ratio?,"The debt-to-income ratio compares your monthly debt payments to your gross monthly income, used to assess loan eligibility."
How do loans impact long-term financial goals?,Loans can help achieve goals like homeownership but can also lead to long-term debt if not managed wisely.
What is a loan consolidation?,"Loan consolidation combines multiple loans into a single loan, often with a lower interest rate."
How can I plan for future loans?,"Establish a budget, maintain a good credit score, and save for down payments or collateral."
What are the risks of taking out multiple loans?,"Taking out multiple loans can lead to financial strain, high-interest payments, and difficulty managing repayments."
"How can I prepare for a large loan, like a mortgage?","Save for a down payment, improve your credit score, and understand the mortgage process."
What is a home equity loan?,"A home equity loan allows homeowners to borrow against the equity in their home, using the property as collateral."
What is a line of credit?,A line of credit is a flexible loan option that allows you to borrow up to a set limit as needed.
How do interest-only loans work?,"Interest-only loans require you to pay only interest for a set period, after which you begin paying principal."
What is a balloon loan?,"A balloon loan has lower payments for a period, followed by a large final payment of the remaining balance."
What are FHA loans?,FHA loans are government-backed mortgages designed to help lower-income borrowers qualify for home loans.
What is a loan term?,"The loan term is the duration over which the loan must be repaid, typically ranging from a few months to several years."
Are there regulations governing loans?,"Yes, loans are subject to federal and state regulations to protect borrowers from unfair practices."
What is a loan underwriting process?,"Underwriting is the process lenders use to assess the risk of lending to a borrower, evaluating their financial history and creditworthiness."
What is the significance of the loan closing process?,"The closing process finalizes the loan agreement, where the borrower signs documents and funds are disbursed."
Can loan terms be customized?,"Some lenders offer customizable loan terms, allowing borrowers to choose their repayment schedule."
What is a loan servicing company?,"A loan servicing company manages the loan on behalf of the lender, handling payments and customer service."
Can I get a loan if I have student loans?,"Yes, having student loans does not disqualify you from obtaining additional loans, but it may affect your debt-to-income ratio."
What are the implications of taking out a loan for a business?,Business loans can facilitate growth but require careful planning to ensure repayment and avoid financial strain.
What is a peer-to-peer loan?,Peer-to-peer loans are facilitated through online platforms that connect borrowers directly with individual lenders.
How can I ensure I get the best loan terms?,"Shop around, compare offers, maintain a good credit score, and consider negotiating terms with lenders."
How can I find reputable lenders?,"Research online reviews, ask for recommendations, and check lender credentials through regulatory bodies."
What is a loan calculator?,"A loan calculator is an online tool that helps you estimate monthly payments, interest costs, and total repayment amounts."
Are there any grants available for loans?,"While grants typically don’t require repayment, some programs may offer assistance or subsidized loans for specific purposes."
What should I do if I feel overwhelmed by debt?,Consider consulting a financial advisor or credit counselor for personalized advice and strategies.
How can I educate myself about loans?,"Read financial blogs, take online courses, and seek resources from reputable financial institutions."
What are common reasons for loan denial?,"Common reasons include low credit scores, high debt-to-income ratios, and lack of sufficient income."
How can I appeal a loan denial?,You can request a reconsideration by providing additional information or documentation that may support your application.
What is a loan repayment plan?,"A repayment plan outlines how and when you will make payments on your loan, including total duration and payment amounts."
Can I transfer my loan to a new lender?,"Some loans may allow for transfer, but it depends on the lender's policies and terms."
What are hardship programs?,"Hardship programs offer assistance to borrowers facing financial difficulties, potentially allowing for modified payments."
What should I do before taking out a loan?,"Assess your financial situation, understand the loan terms, and ensure you can meet repayment obligations."
How do I know if a loan is right for me?,"Evaluate your needs, financial capacity, and the loan’s terms to determine if it aligns with your goals."
What resources can help me with loan management?,"Financial advisors, budgeting apps, and online calculators can assist in managing loans effectively."
How can I build a good relationship with my lender?,"Communicate openly, make payments on time, and ask questions when needed to foster a positive relationship."
Are there any costs associated with taking out a loan?,"Yes, costs can include interest, origination fees, and other charges outlined in the loan agreement."
What steps can I take if I face financial hardship?,"Contact your lender to discuss options, consider debt counseling, and review your budget for adjustments."
How can I monitor my credit score?,Use free credit monitoring services or check your score through credit bureaus to stay informed.
What is the best way to use a personal loan?,"Use personal loans for consolidating high-interest debt, funding essential expenses, or making significant purchases, while ensuring you can repay."
Where can I find more information on loans?,"Visit financial websites, consult with banks, or seek advice from financial professionals for comprehensive information."
What is credit risk?,"Credit risk is the possibility that a borrower will default on their debt obligations, failing to repay a loan or meet contractual obligations."
Why is credit risk important?,"Understanding credit risk helps lenders assess the likelihood of default, enabling them to make informed lending decisions and manage potential losses."
Who assesses credit risk?,"Credit risk is assessed by lenders, credit rating agencies, and financial institutions through various metrics and models."
What factors contribute to credit risk?,"Factors include the borrower’s credit history, income stability, debt-to-income ratio, economic conditions, and the type of loan."
How is credit risk measured?,"Credit risk is measured using credit scores, credit ratings, and risk assessment models that analyze borrower data."
What is a credit score?,"A credit score is a numerical representation of a borrower’s creditworthiness, typically ranging from 300 to 850, based on credit history and behavior."
What is the role of credit bureaus?,"Credit bureaus collect and maintain consumer credit information, providing credit reports and scores to lenders to assess credit risk."
How does a lender determine a borrower’s creditworthiness?,"Lenders evaluate credit scores, income, employment history, existing debts, and payment history to determine creditworthiness."
What is a credit rating?,"A credit rating is an evaluation of the credit risk associated with a borrower, often assigned by credit rating agencies for corporations and governments."
How can borrowers improve their credit risk profile?,"Borrowers can improve their profile by paying bills on time, reducing debt, maintaining a low credit utilization ratio, and avoiding new credit inquiries."
What is default risk?,"Default risk is the risk that a borrower will fail to make required payments on their debt, leading to financial loss for the lender."
What is counterparty risk?,"Counterparty risk is the risk that the other party in a financial transaction will not fulfill their obligations, such as in derivatives and trading."
What is concentration risk?,"Concentration risk arises when a lender has a significant portion of their portfolio exposed to a single borrower, industry, or geographic area."
What is systemic risk?,Systemic risk refers to the potential for a collapse in the financial system due to the interconnectedness of institutions and markets.
How does economic downturn affect credit risk?,Economic downturns generally increase credit risk as unemployment rises and borrowers may struggle to meet their payment obligations.
How can lenders mitigate credit risk?,"Lenders can mitigate credit risk by diversifying their portfolios, conducting thorough credit assessments, and requiring collateral."
What is loan underwriting?,Loan underwriting is the process lenders use to evaluate the creditworthiness of a borrower and determine the terms of the loan.
What role does collateral play in credit risk?,"Collateral provides security for lenders; if the borrower defaults, the lender can seize the collateral to recover losses."
What is credit insurance?,Credit insurance protects lenders against the risk of default by covering losses in case a borrower fails to repay.
How do credit derivatives work in managing risk?,"Credit derivatives, such as credit default swaps, allow lenders to transfer credit risk to other parties, providing a hedge against defaults."
What regulatory frameworks govern credit risk?,"Regulatory frameworks, such as Basel III, establish capital requirements and risk management practices for financial institutions to address credit risk."
How do economic indicators affect credit risk assessment?,"Economic indicators, such as GDP growth, unemployment rates, and inflation, help lenders evaluate the broader economic conditions influencing credit risk."
What impact do interest rates have on credit risk?,"Rising interest rates can increase credit risk, as higher borrowing costs may lead to higher default rates among borrowers."
How do trends in consumer behavior influence credit risk?,"Changes in consumer behavior, such as spending habits and saving rates, can affect default rates and overall credit risk in the market."
What is the future outlook for credit risk management?,"The future of credit risk management will likely include advanced data analytics, machine learning models, and improved regulatory compliance to better predict and mitigate risks."
